"","year","Poor"
"1",2020,25.904305387587
"2",2021,26.7630290123692
"3",2022,35.7013169652891
"4",2023,33.0365306931417
"5",2024,29.9700946025803
"6",2025,30.4355503198063
